alpha,metric,warm_mean,warm_std,cold_mean,cold_std,delta_cold_minus_warm,se_delta,n_warm,n_cold
0.01,acc,0.9461428571428572,0.00309377254681542,0.9548095238095238,0.001214985792587865,0.0086666666666666,0.0015512411825210186,5,3
0.01,dis_loss,0.18196049885316326,0.010724907238169308,0.15909195237539028,0.0044902562134708475,-0.022868546477772977,0.005452112190794054,5,3
0.01,gen_loss,-135.3774958939986,0.9812242870605843,-113.87267897634796,2.3565426086958783,21.504816917650643,1.4295656365378617,5,3
0.01,uq_clean_log_px_mean,135.51653137207032,0.9843719423952375,114.00408935546875,2.3581278909500663,-21.512442016601568,1.4308692023453893,5,3
0.01,uq_clean_purify_acc/0.1,0.9364000000000001,0.004728765641242549,0.9416190476190476,0.0015408275892727088,0.005219047619047457,0.0022942598191821825,5,3
0.01,rob/0.05,0.7112,0.014493348227967962,0.8352380952380952,0.004621010873888785,0.12403809523809517,0.0070092326544086035,5,3
0.01,rob/0.1,0.3364857142857143,0.013782049846056393,0.5513333333333333,0.006027713773341713,0.21484761904761907,0.007078141754934535,5,3
0.01,rob/0.15,0.0658571428571428,0.00440083480021408,0.170047619047619,0.0035866342966953376,0.10419047619047621,0.0028568253791867435,5,3
0.01,uq_purify_acc/0.05/0.1,0.8671428571428571,0.00559427549977179,0.8831904761904762,0.0031178660066420558,0.01604761904761909,0.003082133430800935,5,3
0.01,uq_purify_acc/0.1/0.1,0.7928000000000001,0.006338737400834246,0.8027619047619048,0.0037261714589503824,0.009961904761904727,0.003558656527564738,5,3
0.01,uq_purify_acc/0.15/0.1,0.6987714285714286,0.003927402423475163,0.6607142857142857,0.012204883599341219,-0.0380571428571429,0.007262090551877823,5,3
0.01,uq_joint_adv_acc/0.05,0.9441428571428572,0.0024969368989926468,0.9489047619047618,0.0012481278497220778,0.004761904761904634,0.0013289895228810078,5,3
0.01,uq_joint_adv_acc/0.1,0.9416285714285714,0.0033481642853409417,0.9408095238095239,0.0013502330360721257,-0.0008190476190474971,0.0016881204242865419,5,3
0.01,uq_joint_adv_acc/0.15,0.937,0.0037701837772561556,0.9265238095238094,0.004408556923717799,-0.010476190476190639,0.0030530828997496636,5,3
0.01,uq_detection/5pct/0.05,0.0993428571428571,0.0018171518418466026,0.379,0.002867837128554958,0.27965714285714294,0.001844425320229786,5,3
0.01,uq_detection/5pct/0.1,0.2340285714285714,0.007170233252688476,0.8714285714285714,0.007903757824927455,0.6374000000000001,0.005577237508954821,5,3
0.01,uq_detection/5pct/0.15,0.39062857142857144,0.012201789765005291,0.9909523809523809,0.0013502330360721689,0.6003238095238095,0.005512208672070068,5,3
0.01,gibbs_clean_acc,0.9431999802589417,0.016346255890406638,0.9639999866485596,0.0,0.020800006389617876,0.007310267869711119,5,3
0.01,gibbs_clean_purify_acc/6,0.9351999878883361,0.005215372493395102,0.9546666542689007,0.009237588614816498,0.0194666663805646,0.00582102824718293,5,3
0.01,gibbs_purify_acc/0.05/6,0.8680000066757202,0.014696943907417916,0.890666663646698,0.014047538518188176,0.022666656970977805,0.01043924381920858,5,3
0.01,gibbs_purify_acc/0.1/6,0.7648000001907349,0.015073145948186066,0.7666666706403097,0.01006646631393005,0.001866670449574781,0.00890044158669818,5,3
0.01,gibbs_purify_acc/0.15/6,0.6072000026702881,0.017753876566343918,0.4813333253065745,0.0438786020675097,-0.12586667736371354,0.026548394799426524,5,3
0.1,acc,0.8276857142857142,0.007516240918904875,0.8153809523809524,0.017849903294389274,-0.012304761904761818,0.010839978077309643,5,3
0.1,dis_loss,0.533959324576638,0.01892508600984881,0.5896146530454809,0.0539826534133201,0.05565532846884291,0.032295625079519906,5,3
0.1,gen_loss,-138.5594549005682,0.2528848710751069,-138.9087808782404,0.9199540417237515,-0.3493259776722084,0.5430426299088835,5,3
0.1,uq_clean_log_px_mean,139.04837036132812,0.23515871143122166,139.45329793294272,0.868868798349596,0.4049275716145928,0.5125468305376809,5,3
0.1,uq_clean_purify_acc/0.1,0.8028000000000001,0.009601551745336142,0.7908095238095237,0.018871387116496753,-0.011990476190476329,0.011711008058684217,5,3
0.1,rob/0.05,0.5458285714285714,0.009894546013654495,0.5317619047619048,0.01736189431339968,-0.014066666666666672,0.010957137683407649,5,3
0.1,rob/0.1,0.2897142857142857,0.00682582132308587,0.31176190476190474,0.02778721381680215,0.022047619047619038,0.016330792527630093,5,3
0.1,rob/0.15,0.12657142857142856,0.0026745207466927186,0.1529523809523809,0.015141734010460546,0.02638095238095234,0.008823528122359965,5,3
0.1,uq_purify_acc/0.05/0.1,0.7114,0.007011215504970807,0.6867619047619048,0.016977976931315183,-0.024638095238095237,0.010291517322444998,5,3
0.1,uq_purify_acc/0.1/0.1,0.6394857142857142,0.00876134832601672,0.608952380952381,0.016947899354108977,-0.03053333333333319,0.010540209156857137,5,3
0.1,uq_purify_acc/0.15/0.1,0.5696571428571429,0.011210690961610464,0.5293809523809524,0.020923735830114955,-0.040276190476190465,0.013079379141616738,5,3
0.1,uq_joint_adv_acc/0.05,0.8248857142857144,0.006354654408625326,0.7859047619047619,0.018523197443676233,-0.03898095238095256,0.011065529406362963,5,3
0.1,uq_joint_adv_acc/0.1,0.8180285714285713,0.005381752995643932,0.7610952380952382,0.015542130585259285,-0.05693333333333317,0.00929042127342145,5,3
0.1,uq_joint_adv_acc/0.15,0.8085142857142857,0.005383838248472361,0.7381904761904762,0.01134643100708941,-0.07032380952380957,0.006979324828139857,5,3
0.1,uq_detection/5pct/0.05,0.1053142857142857,0.003662273187237557,0.3940952380952381,0.009152153012373938,0.2887809523809524,0.0055320054139730325,5,3
0.1,uq_detection/5pct/0.1,0.2420857142857143,0.006559461152582932,0.8150952380952381,0.03369925007744702,0.5730095238095239,0.019676173189500542,5,3
0.1,uq_detection/5pct/0.15,0.36762857142857136,0.013242094291481606,0.9593809523809522,0.02649387042445902,0.5917523809523808,0.01640261164980258,5,3
0.1,gibbs_clean_acc,0.8047999978065491,0.01775385642269209,0.8026666641235352,0.018903267180068323,-0.0021333336830139382,0.013496334821073798,5,3
0.1,gibbs_clean_purify_acc/6,0.7984000086784363,0.016395114460581752,0.7826666633288065,0.043143191775085486,-0.01573334534962978,0.025965456947305652,5,3
0.1,gibbs_purify_acc/0.05/6,0.7023999929428101,0.021835756538208916,0.6866666674613953,0.054454894155977804,-0.015733325481414817,0.03292119710103864,5,3
0.1,gibbs_purify_acc/0.1/6,0.6184000015258789,0.019514100361417645,0.5693333347638448,0.034947559653149794,-0.049066666762034084,0.021983417943681638,5,3
0.1,gibbs_purify_acc/0.15/6,0.5216000139713287,0.03093218780070404,0.4933333396911621,0.03801754212370053,-0.028266674280166604,0.025944900940327104,5,3
1.0,acc,0.5682571428571429,0.009094402853695586,0.7146666666666667,0.024578625745501223,0.14640952380952377,0.014761817204041417,5,3
1.0,dis_loss,1.3170551414923233,0.014286342234209888,0.8454028588352781,0.05471685562102113,-0.4716522826570452,0.032230389560741445,5,3
1.0,gen_loss,-138.09472090287642,0.05489883430544066,-142.3248091726592,0.6163767939939435,-4.230088269782783,0.35671121904565417,5,3
1.0,uq_clean_log_px_mean,139.364892578125,0.04346243096140567,143.12592569986978,0.5630106864296643,3.761033121744788,0.32563498111487077,5,3
1.0,uq_clean_purify_acc/0.1,0.5401428571428571,0.00799553446797468,0.697047619047619,0.022940176561662955,0.15690476190476188,0.01371870795103549,5,3
1.0,rob/0.05,0.3680285714285714,0.004898354575877536,0.42414285714285715,0.010643576198144796,0.05611428571428573,0.006523854709610637,5,3
1.0,rob/0.1,0.2469142857142857,0.0012437599348388158,0.25466666666666665,0.0038712264927052466,0.007752380952380955,0.002303226564563223,5,3
1.0,rob/0.15,0.16928571428571426,0.006570652128042954,0.16304761904761902,0.009303645690225525,-0.006238095238095237,0.006122687448114736,5,3
1.0,uq_purify_acc/0.05/0.1,0.4660285714285714,0.008122405394201606,0.596952380952381,0.02076414361017441,0.1309238095238096,0.01252642196181868,5,3
1.0,uq_purify_acc/0.1/0.1,0.4144285714285714,0.008536237282244154,0.5340000000000001,0.022401257253346542,0.11957142857142872,0.013485013097186523,5,3
1.0,uq_purify_acc/0.15/0.1,0.38039999999999996,0.0074068363347515416,0.4859523809523809,0.025080008028728517,0.10555238095238095,0.014853995393102875,5,3
1.0,uq_joint_adv_acc/0.05,0.5663714285714285,0.00809484592887627,0.6911428571428572,0.030558408442368436,0.12477142857142864,0.018010480697804462,5,3
1.0,uq_joint_adv_acc/0.1,0.5633714285714285,0.006413156120707777,0.6716190476190477,0.025809479880475703,0.10824761904761915,0.015174610314137922,5,3
1.0,uq_joint_adv_acc/0.15,0.554,0.008280170559221367,0.6498571428571428,0.028094955607942212,0.09585714285714275,0.01663794123187643,5,3
1.0,uq_detection/5pct/0.05,0.11562857142857141,0.002324668069349491,0.4065714285714286,0.0014846149779162048,0.29094285714285717,0.0013474086997201937,5,3
1.0,uq_detection/5pct/0.1,0.2540285714285714,0.005924180818252168,0.8504285714285714,0.008518886580500337,0.5964,0.0055865606471196235,5,3
1.0,uq_detection/5pct/0.15,0.35760000000000003,0.005810265370313918,0.979904761904762,0.007712080813645002,0.6223047619047619,0.005155311199150925,5,3
1.0,gibbs_clean_acc,0.5672000050544739,0.005932948711186061,0.6693333387374878,0.03716627741440555,0.10213333368301392,0.02162137911952188,5,3
1.0,gibbs_clean_purify_acc/6,0.5776000022888184,0.009208679139805461,0.6786666711171468,0.0260256215910845,0.10106666882832849,0.015580038961250564,5,3
1.0,gibbs_purify_acc/0.05/6,0.4912000000476837,0.011798302602724107,0.5946666598320007,0.027227425186602563,0.10346665978431702,0.01658164295112025,5,3
1.0,gibbs_purify_acc/0.1/6,0.4224000036716461,0.015126140967598137,0.5199999809265137,0.0040000081062316895,0.09759997725486758,0.007147963560644613,5,3
1.0,gibbs_purify_acc/0.15/6,0.3727999985218048,0.018417387082897287,0.47466666499773663,0.01616580588549712,0.10186666647593184,0.012447936483668508,5,3
