cls_epoch,n_seeds,cls/eval/test/acc/mean,cls/eval/test/acc/std,cls/eval/test/clsloss/mean,cls/eval/test/clsloss/std,cls/eval/test/genloss/mean,cls/eval/test/genloss/std,cls/eval/uq_clean_accuracy/mean,cls/eval/uq_clean_accuracy/std,cls/eval/uq_clean_log_px_mean/mean,cls/eval/uq_clean_log_px_mean/std,cls/eval/uq_adv_acc/0.2/mean,cls/eval/uq_adv_acc/0.2/std,cls/eval/uq_adv_acc/0.4/mean,cls/eval/uq_adv_acc/0.4/std,cls/eval/uq_adv_acc/1.0/mean,cls/eval/uq_adv_acc/1.0/std,cls/eval/uq_detection/1pct/0.2/mean,cls/eval/uq_detection/1pct/0.2/std,cls/eval/uq_detection/5pct/0.2/mean,cls/eval/uq_detection/5pct/0.2/std,cls/eval/uq_detection/10pct/0.2/mean,cls/eval/uq_detection/10pct/0.2/std,cls/eval/uq_detection/20pct/0.2/mean,cls/eval/uq_detection/20pct/0.2/std,cls/eval/uq_detection/1pct/0.4/mean,cls/eval/uq_detection/1pct/0.4/std,cls/eval/uq_detection/5pct/0.4/mean,cls/eval/uq_detection/5pct/0.4/std,cls/eval/uq_detection/10pct/0.4/mean,cls/eval/uq_detection/10pct/0.4/std,cls/eval/uq_detection/20pct/0.4/mean,cls/eval/uq_detection/20pct/0.4/std,cls/eval/uq_detection/1pct/1.0/mean,cls/eval/uq_detection/1pct/1.0/std,cls/eval/uq_detection/5pct/1.0/mean,cls/eval/uq_detection/5pct/1.0/std,cls/eval/uq_detection/10pct/1.0/mean,cls/eval/uq_detection/10pct/1.0/std,cls/eval/uq_detection/20pct/1.0/mean,cls/eval/uq_detection/20pct/1.0/std,cls/eval/uq_purify_acc/0.2/0.2/mean,cls/eval/uq_purify_acc/0.2/0.2/std,cls/eval/uq_purify_recovery/0.2/0.2/mean,cls/eval/uq_purify_recovery/0.2/0.2/std,cls/eval/uq_purify_acc/0.4/0.2/mean,cls/eval/uq_purify_acc/0.4/0.2/std,cls/eval/uq_purify_recovery/0.4/0.2/mean,cls/eval/uq_purify_recovery/0.4/0.2/std,cls/eval/uq_purify_acc/1.0/0.2/mean,cls/eval/uq_purify_acc/1.0/0.2/std,cls/eval/uq_purify_recovery/1.0/0.2/mean,cls/eval/uq_purify_recovery/1.0/0.2/std,cls/eval/test/rob/0.2/mean,cls/eval/test/rob/0.2/std,cls/eval/test/rob/0.4/mean,cls/eval/test/rob/0.4/std,cls/eval/test/rob/1.0/mean,cls/eval/test/rob/1.0/std,gen/eval/test/acc/mean,gen/eval/test/acc/std,gen/eval/test/clsloss/mean,gen/eval/test/clsloss/std,gen/eval/test/genloss/mean,gen/eval/test/genloss/std,gen/eval/uq_clean_accuracy/mean,gen/eval/uq_clean_accuracy/std,gen/eval/uq_clean_log_px_mean/mean,gen/eval/uq_clean_log_px_mean/std,gen/eval/uq_adv_acc/0.2/mean,gen/eval/uq_adv_acc/0.2/std,gen/eval/uq_adv_acc/0.4/mean,gen/eval/uq_adv_acc/0.4/std,gen/eval/uq_adv_acc/1.0/mean,gen/eval/uq_adv_acc/1.0/std,gen/eval/uq_detection/1pct/0.2/mean,gen/eval/uq_detection/1pct/0.2/std,gen/eval/uq_detection/5pct/0.2/mean,gen/eval/uq_detection/5pct/0.2/std,gen/eval/uq_detection/10pct/0.2/mean,gen/eval/uq_detection/10pct/0.2/std,gen/eval/uq_detection/20pct/0.2/mean,gen/eval/uq_detection/20pct/0.2/std,gen/eval/uq_detection/1pct/0.4/mean,gen/eval/uq_detection/1pct/0.4/std,gen/eval/uq_detection/5pct/0.4/mean,gen/eval/uq_detection/5pct/0.4/std,gen/eval/uq_detection/10pct/0.4/mean,gen/eval/uq_detection/10pct/0.4/std,gen/eval/uq_detection/20pct/0.4/mean,gen/eval/uq_detection/20pct/0.4/std,gen/eval/uq_detection/1pct/1.0/mean,gen/eval/uq_detection/1pct/1.0/std,gen/eval/uq_detection/5pct/1.0/mean,gen/eval/uq_detection/5pct/1.0/std,gen/eval/uq_detection/10pct/1.0/mean,gen/eval/uq_detection/10pct/1.0/std,gen/eval/uq_detection/20pct/1.0/mean,gen/eval/uq_detection/20pct/1.0/std,gen/eval/uq_purify_acc/0.2/0.2/mean,gen/eval/uq_purify_acc/0.2/0.2/std,gen/eval/uq_purify_recovery/0.2/0.2/mean,gen/eval/uq_purify_recovery/0.2/0.2/std,gen/eval/uq_purify_acc/0.4/0.2/mean,gen/eval/uq_purify_acc/0.4/0.2/std,gen/eval/uq_purify_recovery/0.4/0.2/mean,gen/eval/uq_purify_recovery/0.4/0.2/std,gen/eval/uq_purify_acc/1.0/0.2/mean,gen/eval/uq_purify_acc/1.0/0.2/std,gen/eval/uq_purify_recovery/1.0/0.2/mean,gen/eval/uq_purify_recovery/1.0/0.2/std,gen/eval/test/rob/0.2/mean,gen/eval/test/rob/0.2/std,gen/eval/test/rob/0.4/mean,gen/eval/test/rob/0.4/std,gen/eval/test/rob/1.0/mean,gen/eval/test/rob/1.0/std,diff/eval/uq_purify_acc/0.2/0.2/mean,diff/eval/uq_purify_acc/0.2/0.2/std,diff/eval/uq_clean_accuracy/mean,diff/eval/uq_clean_accuracy/std,diff/eval/test/clsloss/mean,diff/eval/test/clsloss/std,diff/eval/uq_detection/20pct/1.0/mean,diff/eval/uq_detection/20pct/1.0/std,diff/eval/test/rob/0.2/mean,diff/eval/test/rob/0.2/std,diff/eval/test/rob/0.4/mean,diff/eval/test/rob/0.4/std,diff/eval/uq_detection/1pct/0.4/mean,diff/eval/uq_detection/1pct/0.4/std,diff/eval/uq_detection/1pct/0.2/mean,diff/eval/uq_detection/1pct/0.2/std,diff/eval/uq_detection/10pct/1.0/mean,diff/eval/uq_detection/10pct/1.0/std,diff/eval/uq_detection/5pct/0.4/mean,diff/eval/uq_detection/5pct/0.4/std,diff/eval/test/rob/1.0/mean,diff/eval/test/rob/1.0/std,diff/eval/uq_purify_recovery/1.0/0.2/mean,diff/eval/uq_purify_recovery/1.0/0.2/std,diff/eval/uq_detection/20pct/0.4/mean,diff/eval/uq_detection/20pct/0.4/std,diff/eval/uq_detection/5pct/1.0/mean,diff/eval/uq_detection/5pct/1.0/std,diff/eval/uq_detection/1pct/1.0/mean,diff/eval/uq_detection/1pct/1.0/std,diff/eval/uq_purify_recovery/0.2/0.2/mean,diff/eval/uq_purify_recovery/0.2/0.2/std,diff/eval/uq_adv_acc/0.4/mean,diff/eval/uq_adv_acc/0.4/std,diff/eval/test/acc/mean,diff/eval/test/acc/std,diff/eval/uq_adv_acc/0.2/mean,diff/eval/uq_adv_acc/0.2/std,diff/eval/uq_purify_acc/0.4/0.2/mean,diff/eval/uq_purify_acc/0.4/0.2/std,diff/eval/uq_clean_log_px_mean/mean,diff/eval/uq_clean_log_px_mean/std,diff/eval/uq_detection/5pct/0.2/mean,diff/eval/uq_detection/5pct/0.2/std,diff/eval/uq_purify_recovery/0.4/0.2/mean,diff/eval/uq_purify_recovery/0.4/0.2/std,diff/eval/uq_detection/20pct/0.2/mean,diff/eval/uq_detection/20pct/0.2/std,diff/eval/uq_detection/10pct/0.4/mean,diff/eval/uq_detection/10pct/0.4/std,diff/eval/uq_adv_acc/1.0/mean,diff/eval/uq_adv_acc/1.0/std,diff/eval/uq_purify_acc/1.0/0.2/mean,diff/eval/uq_purify_acc/1.0/0.2/std,diff/eval/uq_detection/10pct/0.2/mean,diff/eval/uq_detection/10pct/0.2/std,diff/eval/test/genloss/mean,diff/eval/test/genloss/std
0,5,0.5035,0.0,0.6931471824645996,0.0,2.079441785812378,0.0,0.5035,0.0,-1.3862947225570679,0.0,0.5035,0.0,0.5035,0.0,0.5035,0.0,0.0012999999999999997,0.0018907670401189034,0.0012999999999999997,0.0018907670401189034,0.0012999999999999997,0.0018907670401189034,0.0012999999999999997,0.0018907670401189034,0.014300000000000002,0.011437875676890356,0.014300000000000002,0.011437875676890356,0.014300000000000002,0.011437875676890356,0.014300000000000002,0.011437875676890356,0.08680000000000002,0.04872448050005254,0.08680000000000002,0.04872448050005254,0.08680000000000002,0.04872448050005254,0.08680000000000002,0.04872448050005254,0.5035,0.0,0.0,0.0,0.5035,0.0,0.0,0.0,0.5035,0.0,0.0,0.0,0.5035,0.0,0.5035,0.0,0.5035,0.0,0.7913,0.03759088985379306,0.5823939338326454,0.028943904922449262,1.6423062242567539,0.1157864812683141,0.7913,0.03759088985379306,-1.053306484222412,0.11254181009180304,0.268,0.03166622806713802,0.1901,0.03127978580489324,0.2848,0.045416957185615135,0.205,0.04475907729165114,0.3435,0.045258977010091586,0.4102,0.025056436298883364,0.4737,0.03685037313243923,0.25810000000000005,0.047449183343868,0.4269,0.057996120559913315,0.49870000000000003,0.06727982609965635,0.5484,0.0719534571789292,0.1708,0.06798584411478613,0.2841,0.07182130603101006,0.35350000000000004,0.08251515012408327,0.4083,0.07461032100185604,0.5638,0.051098679043591735,0.47759084321652356,0.04246294558872807,0.40940000000000004,0.06860521117233004,0.31288670233572063,0.06468200770136921,0.43260000000000004,0.05961795031699766,0.3252538690914908,0.052704723692237845,0.268,0.03166622806713802,0.1901,0.03127978580489324,0.2848,0.045416957185615135,0.06030000000000004,0.05109867904359174,0.2878,0.03759088985379306,-0.1107532486319542,0.028943904922449262,0.3215,0.12220525766103521,-0.23549999999999996,0.03166622806713801,-0.3134,0.03127978580489324,0.24379999999999996,0.050536620385617397,0.2037,0.045061901868429836,0.26670000000000005,0.12777695410362544,0.4126,0.06369301374562207,-0.21869999999999995,0.04541695718561515,0.3252538690914908,0.052704723692237845,0.5340999999999999,0.08299277076950737,0.19729999999999998,0.1110414337083235,0.08399999999999999,0.1020318577700122,0.47759084321652356,0.04246294558872807,-0.3134,0.03127978580489324,0.2878,0.03759088985379306,-0.23549999999999996,0.03166622806713801,-0.09409999999999995,0.06860521117233005,0.33298823833465574,0.11254181009180304,0.3422,0.0449924993748958,0.31288670233572063,0.06468200770136921,0.47239999999999993,0.03852336953071472,0.48440000000000005,0.07786478664967883,-0.21869999999999995,0.04541695718561515,-0.07089999999999995,0.05961795031699767,0.40889999999999993,0.026611557639491905,-0.437135561555624,0.1157864812683141
1,5,0.9571000000000002,0.025360895094613683,0.22154071759432553,0.06655372965886142,1.8313148595392703,0.1777101222691701,0.9571000000000002,0.025360895094613683,-1.6111192464828492,0.16463778180754673,0.37039999999999995,0.07229142411102439,0.24019999999999997,0.06913808646469759,0.21359999999999996,0.05690606294587599,0.0162,0.0165325436639375,0.0456,0.025935978871058637,0.07819999999999999,0.030299752474236486,0.1484,0.020644006394108676,0.0194,0.019017754862233345,0.04740000000000001,0.029153473206463755,0.0831,0.03868688408233467,0.1653,0.057433222093140474,0.0098,0.00513078941294612,0.032100000000000004,0.020812856603551567,0.0619,0.034397310941409354,0.12910000000000002,0.06781168778315431,0.49770000000000003,0.08492688031477433,0.2770212281079552,0.1342992615700844,0.371,0.08106555988827809,0.20063985149718433,0.08110607561294908,0.3399,0.0703708036049042,0.2013833556373911,0.06162355623484132,0.37039999999999995,0.07229142411102439,0.24019999999999997,0.06913808646469759,0.21359999999999996,0.05690606294587599,0.9228999999999999,0.035456663689636694,0.23884942391887307,0.05677712516470536,1.5059822522103787,0.18698316703312887,0.9228999999999999,0.035456663689636694,-1.260985541343689,0.1422833312118416,0.3905,0.05710188263096059,0.3112,0.059191004384112296,0.32189999999999996,0.03284699377416448,0.0601,0.04141768945752527,0.18239999999999998,0.04590533738030905,0.30229999999999996,0.04592602747897972,0.41319999999999996,0.049903156212808816,0.0638,0.06875463620731331,0.17170000000000002,0.05544546870574728,0.27299999999999996,0.038485386837084024,0.39680000000000004,0.043631410703757915,0.036,0.04518572783523577,0.0823,0.04759280407792758,0.1507,0.05107053945279999,0.26260000000000006,0.0431485805096761,0.6132,0.03454815479877328,0.3920039454038663,0.06341488297703682,0.5077999999999999,0.02736923455268707,0.31004493007961875,0.0805563394052437,0.4478,0.03195817579274512,0.2667366258676404,0.017008355184149997,0.3905,0.05710188263096059,0.3112,0.059191004384112296,0.32189999999999996,0.03284699377416448,0.11549999999999998,0.07529691228729103,-0.03420000000000001,0.033668605554730065,0.017308706324547528,0.06520156673223965,0.1335,0.06394626650555918,0.020099999999999986,0.046727133445140824,0.07100000000000001,0.06162385901580655,0.044399999999999995,0.06307178449988553,0.0439,0.0347048267536376,0.08880000000000002,0.041954737515565506,0.1243,0.041792044697525864,0.10829999999999998,0.06192091730586686,0.06535327023024931,0.05978895087437912,0.23149999999999998,0.06234079723583907,0.0502,0.0339385474055682,0.0262,0.04195175800845538,0.11498271729591117,0.11407867438463423,0.07100000000000001,0.06162385901580655,-0.03420000000000001,0.033668605554730065,0.020099999999999986,0.046727133445140824,0.13679999999999998,0.06174301579935986,0.35013370513916015,0.11011848703502165,0.13679999999999998,0.052700332067265,0.10940507858243445,0.030976590177708097,0.2648,0.035322797171232066,0.18989999999999999,0.03233689842888461,0.10829999999999998,0.06192091730586686,0.10789999999999997,0.0762212240783366,0.22410000000000002,0.0490081625854306,-0.32533260732889174,0.15675803446791514
5,5,0.9804999999999999,0.008930285549745868,0.10097456946969033,0.02345222780660074,1.5945877254009246,0.0724997508040757,0.9804999999999999,0.008930285549745868,-1.4940794467926026,0.06859713821073087,0.5031,0.0323986882450509,0.34320000000000006,0.03146148438964697,0.3225,0.034055102407715636,0.006500000000000001,0.0073143694191638966,0.0427,0.014215308649480674,0.0911,0.021384573879317772,0.16709999999999997,0.03223623737349011,0.0047,0.0033466401061363026,0.0395,0.018877897128652864,0.0946,0.033277995732916364,0.1675,0.034418381716751295,0.0066,0.00359513560244951,0.0315,0.0053502336397581755,0.07529999999999999,0.022736534476476403,0.1353,0.0390858030491891,0.5702,0.02713070216562777,0.16837158680612194,0.10225261274340419,0.45249999999999996,0.029229693806128047,0.185850572207114,0.06623634509003365,0.4141,0.024928397461529684,0.189413420952557,0.05636056981025218,0.5031,0.0323986882450509,0.34320000000000006,0.03146148438964697,0.3225,0.034055102407715636,0.9779,0.010962435860701785,0.17524391021579505,0.03039824469553196,1.4510819852352141,0.07861812791216231,0.9779,0.010962435860701785,-1.2693856000900268,0.07326705081915359,0.5342999999999999,0.0915413840839213,0.43789999999999996,0.048761408921400115,0.4032,0.017369513522260766,0.0313,0.00860668344950597,0.127,0.048778837624527296,0.22070000000000004,0.08359321144686332,0.329,0.052851206230321746,0.0309,0.007351870510285121,0.1265,0.031068472765811976,0.2193,0.058658545839459744,0.3475,0.0632751926113228,0.0195,0.01363359820443598,0.0649,0.023082460874005617,0.12250000000000001,0.04099847558141644,0.23529999999999998,0.05059100710600649,0.7217,0.06816945797056041,0.42262291191079165,0.10968092310049034,0.6382999999999999,0.035458778884783965,0.38195954072357213,0.06708487868083311,0.5660999999999999,0.028697560871962603,0.3348977771888711,0.05119083003086178,0.5342999999999999,0.0915413840839213,0.43789999999999996,0.048761408921400115,0.4032,0.017369513522260766,0.1515,0.08125423065908631,-0.00259999999999998,0.009370165420097956,0.07426934074610472,0.02255924308829545,0.09999999999999999,0.05091046061469096,0.031199999999999985,0.07485870022916508,0.09469999999999999,0.02193912031053204,0.0262,0.008821847878987713,0.0248,0.01335383839950147,0.0472,0.04389846238765089,0.08700000000000001,0.04154816482108446,0.08070000000000001,0.023708120971515225,0.14548435623631403,0.08973233871463217,0.18,0.08946926846688756,0.0334,0.0210754596628401,0.0129,0.015270068762124158,0.25425132510466963,0.19175816220175823,0.09469999999999999,0.02193912031053204,-0.00259999999999998,0.009370165420097956,0.031199999999999985,0.07485870022916508,0.18580000000000002,0.057809601278680366,0.2246938467025757,0.030616021540791995,0.0843,0.042773531535284764,0.1961089685164581,0.10093236461613415,0.1619,0.05801336053013995,0.1247,0.08744040827901021,0.08070000000000001,0.023708120971515225,0.152,0.047271820358433386,0.1296,0.08974366272890805,-0.14350574016571044,0.02853276817710179
10,5,0.9821,0.008034301463101839,0.08679882166907191,0.018055366964210683,1.5990728951990605,0.058728289450747526,0.9821,0.008034301463101839,-1.5130926370620728,0.04932305795970137,0.5034,0.019414556394623098,0.36369999999999997,0.005848076606885384,0.3356,0.05194155369258798,0.0091,0.0092965047195169,0.053200000000000004,0.017587637703796382,0.092,0.03812151623427379,0.17149999999999999,0.05241660042391152,0.0085,0.006000000000000001,0.0475,0.025295750631281925,0.09179999999999999,0.033672318007526604,0.1903,0.01918528081629248,0.0064,0.006513447627792828,0.0366,0.01046064051576193,0.0801,0.012660963628413123,0.1548,0.01898881249578288,0.5684,0.024965976848503244,0.15722512523932353,0.07737305869844342,0.4608,0.03385742163839415,0.17766195280316094,0.059947679401526746,0.40780000000000005,0.04162571320710314,0.18204888758020704,0.05937088888193034,0.5034,0.019414556394623098,0.36369999999999997,0.005848076606885384,0.3356,0.05194155369258798,0.9695,0.02709243436828816,0.1507561871316284,0.050181817300968996,1.3752396699041127,0.13150050293595783,0.9695,0.02709243436828816,-1.2175286293029786,0.09640031808731145,0.5163,0.07331831285565701,0.38949999999999996,0.06303074646551476,0.35819999999999996,0.025173398658107332,0.0583,0.03644104828349481,0.15910000000000002,0.08161678748884937,0.2446,0.10132953666133088,0.3706,0.08618831127246897,0.0679,0.041568317262068714,0.1616,0.06846659769551866,0.2428,0.08091708719423853,0.3578,0.08887322431418812,0.033800000000000004,0.02456267493576382,0.09140000000000001,0.04370554884679976,0.1547,0.04265208084021224,0.25250000000000006,0.03904324525446111,0.7283999999999999,0.047557070977931375,0.4399721491924321,0.1428111135175147,0.6297,0.03953258149931522,0.40148039396433904,0.09383992404239383,0.5285,0.04185540586352019,0.31826123812003576,0.043160558018860186,0.5163,0.07331831285565701,0.38949999999999996,0.06303074646551476,0.35819999999999996,0.025173398658107332,0.16,0.05363301222195152,-0.012599999999999967,0.02602979062535849,0.06395736546255648,0.044794165188216196,0.09770000000000001,0.05443413451135234,0.01289999999999999,0.07924440043309054,0.02580000000000001,0.061027248012670544,0.05940000000000001,0.03978598999647991,0.0492,0.03760751254736213,0.07460000000000001,0.05334604015294856,0.11410000000000001,0.07808761105322663,0.022599999999999988,0.07518510490782068,0.13621235053982872,0.0981317387489212,0.1675,0.08349925149365113,0.054799999999999995,0.04301395122515485,0.0274,0.022796381291775237,0.2827470239531086,0.20135541342301383,0.02580000000000001,0.061027248012670544,-0.012599999999999967,0.02602979062535849,0.01289999999999999,0.07924440043309054,0.1689,0.06444513170131626,0.29556400775909425,0.06530598426695386,0.1059,0.07499699993999762,0.22381844116117802,0.13017402144768334,0.1991,0.08155933422974958,0.15100000000000002,0.0775056449557063,0.022599999999999988,0.07518510490782068,0.12069999999999999,0.07516864372861867,0.15259999999999999,0.09584714393240937,-0.22383322529494762,0.08693786315544824
20,5,0.9845,0.006490377492873612,0.0740366366924718,0.01752162875266107,1.610147015750408,0.0858098111516624,0.9845,0.006490377492873612,-1.5371985197067262,0.07399244239222602,0.5145,0.02095530958969588,0.3819,0.010108165016460712,0.3297,0.04193238605183349,0.011,0.009617692030835673,0.054400000000000004,0.024727009524000268,0.0891,0.03409252117400531,0.17309999999999998,0.040759048075243366,0.008700000000000001,0.008408329203831163,0.052500000000000005,0.01572418519351639,0.086,0.012170661444638084,0.1671,0.02230582883463423,0.0063,0.007686026281505938,0.039,0.008631338250816032,0.0765,0.01126388032606881,0.154,0.04302324952859791,0.5696,0.04449213413627177,0.15142370151379497,0.07566768285700314,0.47170000000000006,0.05193337077448373,0.16688677316326975,0.08013593790172743,0.417,0.04567548576643711,0.2062536836853673,0.0643994362976522,0.5145,0.02095530958969588,0.3819,0.010108165016460712,0.3297,0.04193238605183349,0.9686,0.025710892633279015,0.15426315562799572,0.05753832861009454,1.371963270753622,0.1418195923185159,0.9686,0.025710892633279015,-1.210837149620056,0.09205956669906407,0.5012000000000001,0.08864366869664185,0.3744,0.058663659960830936,0.3694,0.04731992180889565,0.0689,0.050942860147423996,0.1565,0.06620706155690645,0.244,0.08657150223947832,0.388,0.09721689667953817,0.0704,0.046121307440271035,0.1659,0.06426838258428479,0.2602,0.06199657248590441,0.3882,0.08403912779176137,0.045,0.02395307913400697,0.0944,0.04151114308230985,0.16130000000000003,0.0494451716550767,0.25999999999999995,0.040761501444377624,0.7047,0.04786256365887643,0.4300981181951181,0.04552848593792267,0.5957,0.02456776343096783,0.37465946264018907,0.043089666249743135,0.5425,0.033196385345395665,0.33214936943858836,0.059446688279175056,0.5012000000000001,0.08864366869664185,0.3744,0.058663659960830936,0.3694,0.04731992180889565,0.13510000000000003,0.05618874442448415,-0.015900000000000004,0.02229742137557614,0.08022651893552393,0.046565760867962804,0.10600000000000001,0.061878914017619926,-0.013299999999999979,0.07965597905995506,-0.007500000000000007,0.06407222487162435,0.0617,0.04140742687006765,0.05790000000000001,0.04712138580305125,0.08480000000000001,0.0546255434755573,0.11340000000000001,0.06511278676266284,0.03969999999999998,0.0625715590344367,0.12589568575322113,0.10443744357364101,0.22109999999999994,0.09060794667135988,0.055400000000000005,0.040800428919314076,0.0387,0.020014369837694116,0.2786744166813232,0.067480528696435,-0.007500000000000007,0.06407222487162435,-0.015900000000000004,0.02229742137557614,-0.013299999999999979,0.07965597905995506,0.124,0.07278564418894705,0.32636137008666993,0.07530400114596779,0.1021,0.0501540128005726,0.20777268947691935,0.08048188294234065,0.2149,0.0952335287595708,0.17419999999999997,0.056591297917612735,0.03969999999999998,0.0625715590344367,0.1255,0.07866145816090621,0.15489999999999998,0.07165315764151639,-0.23818374499678613,0.09624002594568223
30,5,0.9858,0.005794393842327272,0.06746365083381534,0.017256686083346306,1.639143207669258,0.11740597333421267,0.9858,0.005794393842327272,-1.5727879524230957,0.10712182911545978,0.5236,0.01405969416452578,0.385,0.0337564808592365,0.33599999999999997,0.052110459602655604,0.0168,0.010946460615194302,0.0531,0.016334013591276335,0.1032,0.04126984371184364,0.192,0.042579337712087544,0.019,0.01616709621422474,0.0659,0.007924645102463579,0.0996,0.021986927934570584,0.1848,0.03359054926612544,0.0126,0.014130640466730446,0.045,0.016058486852751727,0.08629999999999999,0.035416450979735385,0.1477,0.0425596640024331,0.5987000000000001,0.04033856715353187,0.19236051244166624,0.059143130618518974,0.4803,0.031817055174858666,0.17642171313849375,0.05590461741487945,0.44799999999999995,0.04678007054291386,0.23112738071664687,0.045404965074022065,0.5236,0.01405969416452578,0.385,0.0337564808592365,0.33599999999999997,0.052110459602655604,0.9748000000000001,0.02062340902954701,0.14419315820559858,0.05292619331947762,1.3672289714217185,0.14164986980908775,0.9748000000000001,0.02062340902954701,-1.2158080101013184,0.09368719079348435,0.47809999999999997,0.06756977874760282,0.349,0.04082738051847068,0.3612,0.021724410233651903,0.07139999999999999,0.03435731363188921,0.16870000000000002,0.04517272407105863,0.27010000000000006,0.06459044046915921,0.3777,0.05965379283834347,0.0695,0.03555453557564773,0.1632,0.038593393216974324,0.2605,0.057470644680567146,0.3885,0.06958627738282887,0.0347,0.016072492028307246,0.08679999999999999,0.028873863614002196,0.1672,0.048498195842732135,0.2551,0.05193914708579647,0.7333,0.0459301099497922,0.4974501776081447,0.10574817301510377,0.5955999999999999,0.045024160180951726,0.3923839539675561,0.08282429664514884,0.5397000000000001,0.03570119045634192,0.3191967125119507,0.06799650140149285,0.47809999999999997,0.06756977874760282,0.349,0.04082738051847068,0.3612,0.021724410233651903,0.1346,0.030206373499644067,-0.01100000000000001,0.015329709716755905,0.07672950737178326,0.042996206206711476,0.10740000000000001,0.05037285975602339,-0.045500000000000006,0.06995712972957079,-0.03600000000000001,0.0525594901040716,0.0505,0.035561566332207584,0.0546,0.028614681546367066,0.0809,0.038287400016193324,0.09730000000000001,0.044306602216825426,0.02520000000000001,0.03811594154681216,0.08806933179530385,0.0741805461959614,0.2037,0.04913069305434232,0.0418,0.01903811965504997,0.0221,0.009730107913070647,0.30508966516647845,0.09453505356164157,-0.03600000000000001,0.0525594901040716,-0.01100000000000001,0.015329709716755905,-0.045500000000000006,0.06995712972957079,0.1153,0.054922217726526654,0.3569799423217773,0.10120144587124501,0.1156,0.035831899196107374,0.21596224082906232,0.10468832937707359,0.18570000000000003,0.0414089362336199,0.1609,0.045676033102711545,0.02520000000000001,0.03811594154681216,0.09169999999999999,0.06213151374302733,0.1669,0.04068230573603222,-0.2719142362475395,0.13473072076372788
50,5,0.9888,0.005368891878218473,0.062022892152890564,0.016379715365804362,1.6807201288640499,0.15228669052669047,0.9888,0.005368891878218473,-1.6203543424606324,0.14282436655729833,0.5019,0.0387094949592474,0.34199999999999997,0.04871216480510797,0.3084,0.059195016682149854,0.0212,0.009953642549338408,0.069,0.015953056133543815,0.11510000000000001,0.04928666148158141,0.21550000000000002,0.06013006735402846,0.0215,0.008993052874302474,0.061399999999999996,0.009229030284921596,0.1026,0.030654118809712992,0.19749999999999998,0.03788964238416615,0.0108,0.006006246748178099,0.0455,0.012903487900563941,0.081,0.029631064780058107,0.14299999999999996,0.02853287577514751,0.5967999999999999,0.06265939674143059,0.2352678853643601,0.06049941932742613,0.4779,0.05408488698333388,0.22713868640040205,0.043523973210695725,0.47059999999999996,0.0483236484549749,0.29109997108140007,0.026851311692220305,0.5019,0.0387094949592474,0.34199999999999997,0.04871216480510797,0.3084,0.059195016682149854,0.9694,0.01664106366792704,0.13250928760971875,0.020723602829031063,1.3277692295610906,0.06935973412618722,0.9694,0.01664106366792704,-1.187385630607605,0.052768792669825454,0.47969999999999996,0.08320952469519342,0.3448,0.07154246990424638,0.3429,0.0504175068800511,0.10159999999999998,0.04815002596053298,0.19219999999999998,0.03699425631094643,0.2655,0.02963528302547488,0.38599999999999995,0.038996794740080866,0.0884,0.052936754717303934,0.18550000000000003,0.04841616465603198,0.2822,0.030270860575807874,0.40780000000000005,0.03568367974298615,0.0533,0.03244341227429692,0.11640000000000002,0.016909316958410834,0.1793,0.008066907709897266,0.2805,0.01820027472320129,0.693,0.0150789588500002,0.4362926762183883,0.09130794898426907,0.5639000000000001,0.035433740982289734,0.359718453066665,0.07053002855584405,0.48550000000000004,0.07282255831814753,0.27015302566211885,0.08002766855609002,0.47969999999999996,0.08320952469519342,0.3448,0.07154246990424638,0.3429,0.0504175068800511,0.0962,0.05273115777223182,-0.019400000000000018,0.017397557299805088,0.07048639545682818,0.013162911787493854,0.1375,0.03938432429279446,-0.022199999999999977,0.09343152572873893,0.0028000000000000026,0.09262329620565227,0.06690000000000002,0.05843949862892391,0.0804,0.04697792034562621,0.0983,0.027261694738221983,0.12410000000000002,0.05153566726064581,0.03450000000000001,0.0693063849872434,-0.02094694541928128,0.09635196044758669,0.21030000000000001,0.05494269742195045,0.0709,0.025390450960941995,0.0425,0.03576835193295884,0.2010247908540282,0.11368615643834103,0.0028000000000000026,0.09262329620565227,-0.019400000000000018,0.017397557299805088,-0.022199999999999977,0.09343152572873893,0.086,0.06381810088054955,0.4329687118530273,0.13775500277236702,0.1232,0.04397527714523241,0.132579766666263,0.11034304925431057,0.17049999999999998,0.07137401487936627,0.17959999999999998,0.030609230633911712,0.03450000000000001,0.0693063849872434,0.014899999999999991,0.07824273129179475,0.1504,0.06479428987187066,-0.3529508993029594,0.13396099321328633
70,5,0.9892,0.005529466520379722,0.05493901937152259,0.017021142276470416,1.7317594677209853,0.2039280635905416,0.9892,0.005529466520379722,-1.678139901161194,0.19396613944487065,0.5182,0.03831220432186069,0.35309999999999997,0.05635201859738478,0.30720000000000003,0.07487122277617748,0.016099999999999996,0.011781341180018511,0.07039999999999999,0.020589439040440125,0.11099999999999999,0.0438249358242542,0.20129999999999998,0.06929069201559471,0.0109,0.010696962185592693,0.055200000000000006,0.018942676685199483,0.1031,0.019718012070185982,0.18910000000000002,0.04058540378017694,0.011800000000000001,0.014876995664447846,0.058399999999999994,0.03192647803939545,0.1,0.04081513199782649,0.17270000000000002,0.03851882656571979,0.5958,0.04859861109126471,0.20268288864399184,0.04475707439562525,0.47190000000000004,0.04784924241824524,0.20020475288161776,0.0515221306203312,0.4569,0.06114674970920368,0.2611498983365705,0.06282211165140311,0.5182,0.03831220432186069,0.35309999999999997,0.05635201859738478,0.30720000000000003,0.07487122277617748,0.9659000000000001,0.01019436118645992,0.13053428332787007,0.022418999316828607,1.3355308167636395,0.07193254588826807,0.9659000000000001,0.01019436118645992,-1.1972218751907349,0.056777293927051886,0.48810000000000003,0.06997803226727656,0.3223999999999999,0.08412891892803567,0.315,0.05367378317204779,0.09720000000000001,0.058722440344386236,0.1948,0.04818791342235104,0.2622,0.04580338415444867,0.3785,0.045484887600168916,0.06720000000000001,0.0595184845237175,0.17160000000000003,0.040657717594572367,0.24530000000000002,0.02982155260880962,0.36970000000000003,0.032715821860378205,0.0361,0.03409985337211877,0.10700000000000001,0.019817921182606422,0.1561,0.018060315611860164,0.25170000000000003,0.021150059101572277,0.6761,0.027141757496521864,0.40941376776313537,0.10429061150576455,0.5385,0.028064657489447486,0.334227225469086,0.09364859732754507,0.4697,0.063711851330816,0.26679173242440835,0.10466360710269439,0.48810000000000003,0.06997803226727656,0.3223999999999999,0.08412891892803567,0.315,0.05367378317204779,0.08029999999999997,0.05070207096362041,-0.023300000000000008,0.010733126291999013,0.07559526395634748,0.02837473442470543,0.079,0.05727455805154678,-0.030100000000000005,0.0848891924805508,-0.030700000000000005,0.11071280413755223,0.0563,0.06408841548985277,0.08109999999999999,0.055062918556865466,0.0561,0.054796669606829204,0.11640000000000002,0.05688189518642992,0.007800000000000013,0.1160321076254327,0.005641834087837844,0.1598285728792925,0.1806,0.04145992040513344,0.048600000000000004,0.050015497598244495,0.0243,0.03944394757120539,0.2067308791191435,0.11544012648516092,-0.030700000000000005,0.11071280413755223,-0.023300000000000008,0.010733126291999013,-0.030100000000000005,0.0848891924805508,0.0666,0.07390906574974414,0.48091802597045896,0.17976283337195872,0.12440000000000002,0.03943412228007618,0.13402247258746822,0.14102822366701573,0.1772,0.08541779674049196,0.14219999999999997,0.03672975632916724,0.007800000000000013,0.1160321076254327,0.012800000000000011,0.07548062665346653,0.1512,0.029301450476042996,-0.39622865095734594,0.19378900561446344
100,5,0.9898,0.005215361924162112,0.051727062423015016,0.016299235864620842,1.7804165050387382,0.22579448893467596,0.9898,0.005215361924162112,-1.7300219774246215,0.21536062358338307,0.5241999999999999,0.029130310674622045,0.3639,0.0578245190209136,0.32839999999999997,0.06552613982221142,0.0251,0.010095791202278303,0.0615,0.025007498875337375,0.10859999999999999,0.045484063143039453,0.2144,0.0794303153713996,0.0221,0.009283049068059481,0.056400000000000006,0.013849187701811252,0.09669999999999998,0.032608664492738734,0.191,0.061637042433913075,0.0175,0.010204165815979277,0.058399999999999994,0.02807445458063255,0.0868,0.029539380494519513,0.1565,0.03431836243179443,0.6005999999999999,0.07075079504853637,0.2050003858874505,0.09824048905874383,0.48250000000000004,0.05584129296497352,0.20448882289175319,0.05300778933570174,0.4662,0.05277617833833745,0.2577812957007845,0.03546131293672523,0.5241999999999999,0.029130310674622045,0.3639,0.0578245190209136,0.32839999999999997,0.06552613982221142,0.966,0.012830627420356362,0.1335988870356232,0.021095372243959343,1.338197223097086,0.07268422825899173,0.966,0.012830627420356362,-1.1974966764450072,0.05610502723486175,0.4708,0.09680689541556428,0.30630000000000007,0.07651682821445228,0.3095,0.06972535406865998,0.0893,0.05144973274954885,0.1889,0.04402186956502415,0.2565,0.027552223140792108,0.38720000000000004,0.037977954131311505,0.0713,0.048554865873566166,0.1686,0.04825505154903474,0.24800000000000005,0.0321150276350496,0.381,0.03727935085271738,0.040400000000000005,0.023063499300843313,0.1058,0.021212024891556207,0.15450000000000003,0.013986600730699362,0.26220000000000004,0.01086047881080757,0.6980999999999999,0.022834732317239904,0.4306529437967005,0.1498427756605859,0.5908,0.040237731049352146,0.42736506950894054,0.1106398113263259,0.492,0.06858389023670207,0.3187936928923838,0.08088561007069255,0.4708,0.09680689541556428,0.30630000000000007,0.07651682821445228,0.3095,0.06972535406865998,0.09749999999999999,0.08430747297837839,-0.023800000000000043,0.014981655449248614,0.08187182461260818,0.029151975321573053,0.10569999999999999,0.041213771970058745,-0.05339999999999998,0.10341022676698859,-0.0576,0.08790861732503816,0.0492,0.05489603810840998,0.0642,0.042931049369890784,0.06770000000000001,0.0423122322738945,0.1122,0.06030713059000569,-0.01890000000000001,0.07221097562005377,0.06101239719159938,0.11062705871350742,0.19,0.07246550903705845,0.047400000000000005,0.04435848284150395,0.0229,0.029973738505565162,0.22565255790924996,0.19884521591875962,-0.0576,0.08790861732503816,-0.023800000000000043,0.014981655449248614,-0.05339999999999998,0.10341022676698859,0.10830000000000002,0.09252067336547004,0.5325253009796143,0.1961823709075053,0.1274,0.04439791661778736,0.2228762466171874,0.1527888213260874,0.1728,0.09509968454206355,0.1513,0.053949745133781674,-0.01890000000000001,0.07221097562005377,0.0258,0.074749247487851,0.14789999999999998,0.058730741524349914,-0.4422192819416523,0.20168156290462322
130,5,0.9911,0.003029026246172214,0.04774346249760129,0.013136194038319709,1.7454849421977996,0.2485044002574104,0.9911,0.003029026246172214,-1.6982637405395509,0.24328848066034936,0.5187999999999999,0.01879361593733361,0.38739999999999997,0.05804136456011351,0.3222,0.062316330123010286,0.021099999999999997,0.010400721128844865,0.0646,0.02802097428712999,0.11059999999999999,0.033727585149251345,0.2242,0.07923430443942826,0.0131,0.005705260730238365,0.053000000000000005,0.02486966023089178,0.0935,0.031683986491601715,0.19180000000000003,0.05076736156232664,0.011199999999999998,0.007250862017718996,0.0488,0.027741214825598392,0.08209999999999999,0.03928644804509565,0.1626,0.03686529533314496,0.6057,0.05322898646414377,0.21528583567823412,0.080574098757992,0.5045999999999999,0.055153649017993384,0.20870183179574706,0.05427092809308659,0.45599999999999996,0.057720230422270494,0.25550329234732555,0.03884102484528865,0.5187999999999999,0.01879361593733361,0.38739999999999997,0.05804136456011351,0.3222,0.062316330123010286,0.9757999999999999,0.01389064433350737,0.1148700954625383,0.014265854023358445,1.3482753202319144,0.0710879444007346,0.9757999999999999,0.01389064433350737,-1.2268280029296874,0.06490400323649893,0.4772,0.0681446989867884,0.3036,0.06843920659972615,0.2914,0.052992216409582266,0.07289999999999999,0.05013781008380801,0.1526,0.036125475775413675,0.21459999999999999,0.02601297753045583,0.32789999999999997,0.03422243416240287,0.0625,0.0589915248150105,0.15340000000000004,0.07162000418877397,0.2226,0.05335541209661865,0.346,0.06631176366226434,0.0388,0.033692729185983136,0.0996,0.03632216953872662,0.1445,0.028215687126136056,0.2526,0.0441183068578113,0.7141,0.06032039456104378,0.4643128448304624,0.14230369214842514,0.5741999999999999,0.050206573274821295,0.3950773201104859,0.10499988431697839,0.49260000000000004,0.014570518178843183,0.3261186697110897,0.052344465691006474,0.4772,0.0681446989867884,0.3036,0.06843920659972615,0.2914,0.052992216409582266,0.10840000000000005,0.0626152936589776,-0.015300000000000003,0.015380994766269194,0.06712663296493701,0.025197788261175424,0.09,0.05837914867484794,-0.04159999999999997,0.052715510051596776,-0.0838,0.05471814141580469,0.0494,0.06210213361874131,0.0518,0.052612498515086696,0.0624,0.05850576894631844,0.1004,0.08976873063600711,-0.03080000000000001,0.06375598011167265,0.07061537736376425,0.09012325057054693,0.15419999999999998,0.06233839106040514,0.05079999999999999,0.05268372614005201,0.027600000000000003,0.03802860765266065,0.24902700915222833,0.15081417031811367,-0.0838,0.05471814141580469,-0.015300000000000003,0.015380994766269194,-0.04159999999999997,0.052715510051596776,0.0696,0.09072857873900596,0.4714357376098633,0.22624499298068218,0.088,0.057098598932022855,0.18637548831473885,0.126168723836225,0.10369999999999999,0.09654571456051272,0.1291,0.07239941298104563,-0.03080000000000001,0.06375598011167265,0.03659999999999998,0.05944261939046765,0.10400000000000001,0.045970098977487536,-0.39720962196588516,0.22486025026320353
150,5,0.9914000000000002,0.0027477263328068015,0.04637882403912954,0.01110756342059099,1.7625845782458782,0.2320416424530538,0.9914000000000002,0.0027477263328068015,-1.7170565605163575,0.2254138268401696,0.5412,0.031528954946207784,0.37839999999999996,0.05537418170952959,0.3235,0.06468384651518491,0.028199999999999996,0.011856432853097088,0.06670000000000001,0.0355573480450947,0.1156,0.043930911668209206,0.2125,0.06899909419695306,0.014499999999999999,0.007623975340988452,0.054200000000000005,0.029716577864888818,0.0923,0.030499180316854422,0.18439999999999998,0.04527195599927178,0.009,0.006354132513569416,0.044700000000000004,0.021773263420994105,0.0809,0.03850876523598232,0.15209999999999999,0.034889826597448145,0.6285,0.06297618597533516,0.2329143067893253,0.10104342765922042,0.5117,0.054619822409085146,0.22961604139279634,0.06567178818487607,0.45380000000000004,0.05901440502114717,0.24852953671140163,0.04268035937510592,0.5412,0.031528954946207784,0.37839999999999996,0.05537418170952959,0.3235,0.06468384651518491,0.9813000000000001,0.01391312330140145,0.11253269778098911,0.013872956228543693,1.3648759111762048,0.07230237215241045,0.9813000000000001,0.01391312330140145,-1.2461942195892335,0.058194643003192596,0.5133,0.10880521586762283,0.3263,0.10694192349121087,0.30700000000000005,0.05243805869785799,0.074,0.04729693436154188,0.1552,0.03385557561170685,0.2125,0.025930194754378532,0.3297,0.03786092972973589,0.0613,0.05582069508703739,0.1489,0.06791667689161478,0.22610000000000002,0.05495498157583169,0.34130000000000005,0.0635183044484029,0.033600000000000005,0.03602325637695737,0.0962,0.03458070271119428,0.1496,0.03320466834648405,0.2459,0.03081679736766946,0.7218000000000001,0.04590969396543611,0.4324388341162627,0.1183768388784981,0.5932999999999999,0.04068414924758779,0.40707452615211875,0.07468799822026603,0.5142,0.02201874201674566,0.33887599964885673,0.05078970426924226,0.5133,0.10880521586762283,0.3263,0.10694192349121087,0.30700000000000005,0.05243805869785799,0.09330000000000001,0.043642868833292804,-0.01010000000000002,0.01367205178457133,0.06615387374185958,0.01730471182468898,0.0938,0.058605247205348425,-0.0279,0.0823129698164269,-0.0521,0.09989206675206996,0.0468,0.05964750623454428,0.0458,0.05376871767115151,0.06870000000000001,0.06376480220309634,0.09469999999999999,0.08965670638608136,-0.016499999999999997,0.07965786213551053,0.09034646293745512,0.09145676998634199,0.15689999999999998,0.03256416742371897,0.051500000000000004,0.05276717729801358,0.024600000000000004,0.04050524657374647,0.19952452732693735,0.16371031448388368,-0.0521,0.09989206675206996,-0.01010000000000002,0.01367205178457133,-0.0279,0.0823129698164269,0.08159999999999999,0.053864877239254885,0.47086234092712403,0.2064631694107277,0.0885,0.05370870506724212,0.17745848475932244,0.11588588729527853,0.11720000000000001,0.06568923047197311,0.1338,0.05379776947049012,-0.016499999999999997,0.07965786213551053,0.060399999999999995,0.053189989659709495,0.09690000000000001,0.03641153663332544,-0.39770866706967356,0.21012790146600802
170,5,0.9914000000000002,0.0034351128074635424,0.04488773429184221,0.011418167064079006,1.7822597272694112,0.2285393025804474,0.9914000000000002,0.0034351128074635424,-1.7384501457214356,0.22074888510241097,0.5274,0.03015460163888757,0.3755,0.061655291743693844,0.3174,0.06009825288641925,0.0246,0.007885112554681765,0.06960000000000001,0.03133169321948624,0.11339999999999999,0.033958430470208724,0.2202,0.06721383786096431,0.015400000000000002,0.010322305943925515,0.0546,0.027403010783488734,0.0896,0.03671409810958183,0.1922,0.04887688615286371,0.010400000000000001,0.010358571330062849,0.041499999999999995,0.02055176391456461,0.0769,0.03304428846260728,0.1595,0.03384523600154089,0.6120000000000001,0.050592736632840876,0.22442112149806973,0.07229387835000137,0.49940000000000007,0.07016355891771739,0.21680321792213908,0.04487316199564598,0.4479,0.060869121892795544,0.2480679735613088,0.030125107678269973,0.5274,0.03015460163888757,0.3755,0.061655291743693844,0.3174,0.06009825288641925,0.9837999999999999,0.012906393764332455,0.09393561417236924,0.01177910351491785,1.3817354016005994,0.07345251183921964,0.9837999999999999,0.012906393764332455,-1.282373857498169,0.06442053746737472,0.5193,0.09916690476161893,0.35469999999999996,0.09157961017606486,0.3105,0.07222188034107116,0.0581,0.030796509542479,0.14279999999999998,0.030884057375934266,0.2165,0.017800983118917896,0.3236,0.05694888058601329,0.05189999999999999,0.03639436769611474,0.1299,0.04826929665947081,0.20729999999999998,0.03782955194024904,0.33340000000000003,0.054736185471769935,0.026500000000000003,0.025553864678361272,0.0829,0.03532598193964323,0.14170000000000002,0.019826119136129486,0.2413,0.02825464563571802,0.6961999999999999,0.07861901805542981,0.38465228303847976,0.1312277778399967,0.5740000000000001,0.06947481558089955,0.346917211588049,0.10907023900585314,0.5046,0.04411263991193452,0.3241698012725355,0.046469236189549214,0.5193,0.09916690476161893,0.35469999999999996,0.09157961017606486,0.3105,0.07222188034107116,0.08420000000000001,0.05036566290638894,-0.007600000000000029,0.013025935666968415,0.049047879880527036,0.01579052729335974,0.0818,0.058680916829920084,-0.008099999999999986,0.0719925343351656,-0.020799999999999996,0.059553127541716905,0.0365,0.04534175779565675,0.0335,0.03641599923110721,0.0648,0.04912560432198264,0.0753,0.06403768421796653,-0.006899999999999995,0.05903537075347288,0.07610182771122666,0.06081069338228459,0.1412,0.03801414210527443,0.041400000000000006,0.05023121539441386,0.016099999999999996,0.029650885315619158,0.1602311615404101,0.11750676322777179,-0.020799999999999996,0.059553127541716905,-0.007600000000000029,0.013025935666968415,-0.008099999999999986,0.0719925343351656,0.07459999999999999,0.08387893060834765,0.4560762882232666,0.1928459946954739,0.0732,0.03937099185948965,0.13011399366590995,0.11990847910026448,0.1034,0.07270608640272147,0.1177,0.0494994949469184,-0.006899999999999995,0.05903537075347288,0.056699999999999987,0.047491578200771566,0.1031,0.030611272433533374,-0.4005243256688118,0.19005614943389137
180,5,0.9917000000000001,0.003420526275297417,0.044346031988970934,0.011793203506008548,1.7973697535693645,0.24878005122117738,0.9917000000000001,0.003420526275297417,-1.7539375066757201,0.24043692222058824,0.5345,0.028537256350252022,0.3708,0.05765262353093741,0.32039999999999996,0.07004587782303823,0.029199999999999997,0.01189852932088668,0.07139999999999999,0.032053470950897035,0.11220000000000001,0.034133194986698805,0.21070000000000003,0.06705650602290579,0.016999999999999998,0.009360822613424526,0.0528,0.027846902879853624,0.0937,0.03482743171696702,0.1882,0.040378831087588454,0.0129,0.01052021862890691,0.039,0.017567726090760863,0.0751,0.03194017845911322,0.16,0.027470438656854387,0.6182000000000001,0.05155409780027192,0.22248359355714994,0.06752457358356623,0.5048999999999999,0.06600132574426061,0.2333974749687358,0.03879006628511552,0.45519999999999994,0.0642462061136687,0.25576396730646545,0.030769436558737137,0.5345,0.028537256350252022,0.3708,0.05765262353093741,0.32039999999999996,0.07004587782303823,0.9867000000000001,0.010431922162286297,0.08405132840853184,0.012832291075335456,1.4134025365114211,0.10082996657902223,0.9867000000000001,0.010431922162286297,-1.3244746685028077,0.09337487416772709,0.5315,0.09048342389631375,0.3665,0.08958794561770013,0.329,0.0643117407632541,0.05650000000000001,0.03128897569432403,0.1413,0.031832766138053414,0.2101,0.02878237307797952,0.31649999999999995,0.0626986841967198,0.042800000000000005,0.024414647242997387,0.1234,0.03691781412814144,0.1959,0.043895330047739704,0.3081,0.07742690100992031,0.0249,0.016110555545976683,0.087,0.016412647562169848,0.14579999999999999,0.04460325100258948,0.2386,0.048891972756271565,0.6994,0.07370498626280315,0.3768366617058496,0.13456576055077552,0.5554,0.06908816830688158,0.3054531386918943,0.09546404105693158,0.48530000000000006,0.041947288350976886,0.2921921865286712,0.04423249186765947,0.5315,0.09048342389631375,0.3665,0.08958794561770013,0.329,0.0643117407632541,0.08120000000000001,0.05187075283818427,-0.005000000000000027,0.009624188277460076,0.03970529641956091,0.010078373681354585,0.0786,0.06755590277688546,-0.0029999999999999805,0.06959974856276425,-0.004299999999999993,0.06322143623803558,0.0258,0.03315984016849297,0.0273,0.04193238605183349,0.07070000000000001,0.0639810518825691,0.0706,0.052613448851030475,0.008599999999999991,0.06347775200808546,0.03642821922220576,0.06298180009203924,0.11989999999999998,0.050476974948980444,0.048,0.030242767730483924,0.012,0.0262178374394228,0.1543530681486997,0.12274696329127897,-0.004299999999999993,0.06322143623803558,-0.005000000000000027,0.009624188277460076,-0.0029999999999999805,0.06959974856276425,0.050499999999999975,0.07442697763580085,0.4294628381729126,0.17288246206219696,0.0699,0.047667336825125854,0.07205566372315853,0.10343981648950057,0.10579999999999998,0.06438031531454315,0.10220000000000003,0.04394399845257598,0.008599999999999991,0.06347775200808546,0.030100000000000005,0.052357425452365394,0.09789999999999999,0.026214022964817896,-0.38396721705794334,0.17174805784709357
190,5,0.9919,0.0030700162866017745,0.04311105144442991,0.01062343691134962,1.8012260407209397,0.251562631504739,0.9919,0.0030700162866017745,-1.759061861038208,0.2437043767445672,0.5352,0.022426546769398103,0.3655,0.06469447426171727,0.32910000000000006,0.07322004506963924,0.028100000000000003,0.009522342148862327,0.0741,0.03323477094851114,0.11600000000000002,0.04561112802814682,0.2036,0.06242535542549998,0.019899999999999998,0.015856386725859078,0.059699999999999996,0.037108961181903224,0.1024,0.042818512351551874,0.1865,0.03891978931083774,0.0108,0.007981227975693965,0.0413,0.015670832779402632,0.0763,0.033167378551824084,0.1557,0.034634881261525925,0.6236999999999999,0.05939654872128514,0.23454976044148287,0.09157912908510484,0.5052,0.0708912900150646,0.23793345912995253,0.044428604733674604,0.4628,0.06247159354458634,0.25589142468102566,0.027675765228470536,0.5352,0.022426546769398103,0.3655,0.06469447426171727,0.32910000000000006,0.07322004506963924,0.9891,0.007436396977031289,0.06583912880159914,0.012246053871882446,1.494451716542244,0.1400943311628419,0.9891,0.007436396977031289,-1.4249616622924806,0.12973383921377685,0.5228999999999999,0.08902696220808613,0.3698,0.07449966442877444,0.3477,0.0520655836421719,0.04360000000000001,0.027754278949380037,0.11829999999999999,0.050364421966304744,0.18009999999999998,0.04737800122419687,0.2898,0.05463583988555497,0.0283,0.018359602392208824,0.0916,0.032589108610086286,0.1474,0.04604807270668339,0.2717,0.06493419746173815,0.0177,0.004671723450719231,0.0528,0.014267971124164783,0.10640000000000001,0.024802721624853998,0.19949999999999998,0.03666912870522014,0.6519,0.08934022050566029,0.2932762940344627,0.10904942034410445,0.5041,0.09178670927754191,0.23031387955239188,0.08399933081715774,0.47750000000000004,0.06511816182909343,0.26820328641805413,0.05347395369970302,0.5228999999999999,0.08902696220808613,0.3698,0.07449966442877444,0.3477,0.0520655836421719,0.028200000000000003,0.061432483264149414,-0.0027999999999999805,0.006290866395020662,0.02272807735716924,0.005462543765279163,0.04379999999999999,0.043538201616511445,-0.01230000000000001,0.08102977847680444,0.004300000000000015,0.048773199607981425,0.008400000000000001,0.03076402119359561,0.015500000000000003,0.03287476235655552,0.030100000000000005,0.01709312727384898,0.031900000000000005,0.03494531442124967,0.0186,0.04309640356224635,0.01231186173702845,0.0318039824704945,0.0852,0.04178007898508571,0.011500000000000002,0.017381743295768696,0.006900000000000001,0.010132867313845573,0.058726533592979836,0.05965847486048242,0.004300000000000015,0.048773199607981425,-0.0027999999999999805,0.006290866395020662,-0.01230000000000001,0.08102977847680444,-0.0010999999999999899,0.052749881516454586,0.33410019874572755,0.12546821931578192,0.0442,0.04742177769759375,-0.007619579577560631,0.04700393658703808,0.08620000000000001,0.04693159916303726,0.045,0.020871631464741802,0.0186,0.04309640356224635,0.014700000000000001,0.037327268852676586,0.0641,0.04221137287509137,-0.30677432417869566,0.12177967797293497
195,5,0.9922000000000001,0.0029706901555026184,0.04272372332634404,0.010615544012204272,1.8001384541392327,0.24566197544966317,0.9922000000000001,0.0029706901555026184,-1.7585139751434327,0.23859339770009938,0.523,0.028251106173033332,0.3679,0.05442471864879045,0.3144,0.07247189110268894,0.0314,0.014284607099952032,0.07250000000000001,0.038172306715733066,0.1157,0.047403322668353114,0.20990000000000003,0.0677757331203433,0.0211,0.01490553588436189,0.0573,0.03366303610787357,0.09669999999999998,0.03311646116359657,0.1846,0.03563951458704229,0.0124,0.01333885302415466,0.03830000000000001,0.02198749644684451,0.0755,0.03465905365124674,0.1611,0.02889290570364981,0.6184999999999999,0.05084904128889747,0.24162520359014988,0.09054967347976352,0.5039,0.0601928151858675,0.2329044110907706,0.041796745265935006,0.4413,0.07075892169896315,0.24486497098797688,0.03369222698624079,0.523,0.028251106173033332,0.3679,0.05442471864879045,0.3144,0.07247189110268894,0.9922000000000001,0.002863564212655273,0.052959769032895565,0.011589332333539188,1.5798326097428799,0.18973742368097832,0.9922000000000001,0.002863564212655273,-1.5245309829711915,0.18308348296967805,0.5084,0.07234673454966715,0.354,0.07570336848516054,0.3288,0.06828121996566845,0.042499999999999996,0.027310712184049686,0.0961,0.046622687610218275,0.1538,0.05011312203405412,0.2537,0.05067987766362505,0.0258,0.011328062499827585,0.08209999999999999,0.04645347134499207,0.1368,0.06602897091428883,0.22119999999999998,0.07590586275117359,0.0152,0.0037349698793966196,0.0627,0.022426546769398092,0.10669999999999999,0.029505507960379197,0.18380000000000002,0.04220870763243054,0.6264,0.08817411751755727,0.2670912380885448,0.12251989063285121,0.49190000000000006,0.09080982876319062,0.2267761513068872,0.09093242816873363,0.45879999999999993,0.07205692194369671,0.267298879020861,0.05522131076294299,0.5084,0.07234673454966715,0.354,0.07570336848516054,0.3288,0.06828121996566845,0.007899999999999996,0.038200785332241534,-2.2204460492503132e-17,0.0019039432764659788,0.010236045706551521,0.0016471515491352257,0.022699999999999994,0.03772366631174653,-0.014600000000000002,0.050055469231643404,-0.013900000000000001,0.04119223227745736,0.004700000000000001,0.02317218159776934,0.011099999999999995,0.03450072463007117,0.031199999999999995,0.012522978878845074,0.024800000000000003,0.021887781979908337,0.014399999999999986,0.017879457486176698,0.022433908032884163,0.04640884544982631,0.0366,0.056023878837510005,0.024399999999999995,0.0030700162866017506,0.0028000000000000013,0.011272754765362367,0.02546603449839489,0.04491454798448214,-0.013900000000000001,0.04119223227745736,-2.2204460492503132e-17,0.0019039432764659788,-0.014600000000000002,0.050055469231643404,-0.011999999999999988,0.03547534355013353,0.23398299217224122,0.07561823940463094,0.0236,0.04179324108034695,-0.006128259783883422,0.06148747259791069,0.0438,0.03750099998666703,0.04010000000000001,0.03562899100451766,0.014399999999999986,0.017879457486176698,0.01749999999999998,0.03492134018046845,0.0381,0.022553824509382005,-0.22030584439635276,0.07321398040060968
199,5,0.9925,0.002622022120425397,0.04218701182398945,0.010227386943680349,1.8103847719728947,0.25309490878945534,0.9925,0.002622022120425397,-1.7693665027618408,0.24642920447584057,0.5307000000000001,0.03422645175883707,0.374,0.05422983496194693,0.3214,0.058671117255426446,0.033699999999999994,0.018488509945368773,0.0774,0.043036902769599955,0.12000000000000002,0.048735254180110724,0.2157,0.06775378218225166,0.021799999999999996,0.019308676806037227,0.0596,0.03694996617048519,0.0994,0.039149393354176,0.1927,0.04388137418085263,0.011699999999999999,0.010773810839252747,0.0375,0.01610512340840641,0.0738,0.02868710511710793,0.1518,0.026499056586980596,0.6189,0.04183509292448149,0.2318887106139778,0.08409164086880672,0.5108,0.05957201524205811,0.236756833982744,0.04137921074620554,0.44799999999999995,0.06183748862947136,0.24463959978380276,0.040079738226771446,0.5307000000000001,0.03422645175883707,0.374,0.05422983496194693,0.3214,0.058671117255426446,0.9929,0.0023558437978779727,0.042746830824762584,0.010128979010312797,1.741243441402912,0.2389119692814496,0.9929,0.0023558437978779727,-1.6985971212387085,0.23184685859314882,0.5192,0.05165341227837712,0.35300000000000004,0.057754869924535365,0.3061,0.06512430421893196,0.030499999999999992,0.01753924171679038,0.07749999999999999,0.043601892160776694,0.1165,0.056160484328395884,0.21150000000000002,0.07012132343303284,0.0196,0.012496999639913573,0.0668,0.037487664637851206,0.10840000000000001,0.045025548303157845,0.18819999999999998,0.053854665536051755,0.0161,0.01408190328045183,0.05229999999999999,0.025334265333733286,0.0855,0.038733060813728626,0.16229999999999997,0.03848473723438942,0.6123999999999999,0.06228703717468025,0.23122397890421859,0.10571177691516441,0.4968,0.07001571252226174,0.2399938734570497,0.05556898086294035,0.4439,0.05552747067893512,0.25606525279376646,0.03176893704466134,0.5192,0.05165341227837712,0.35300000000000004,0.057754869924535365,0.3061,0.06512430421893196,-0.006499999999999973,0.024075402385006953,0.00039999999999997817,0.0004183300132670315,0.0005598190007731318,0.001244078919831879,0.010499999999999995,0.020164944830075773,-0.011500000000000033,0.02190604939280471,-0.020999999999999998,0.0059160797830996046,-0.0021999999999999997,0.010371836867209204,-0.0032000000000000015,0.01803676800316509,0.011699999999999999,0.017796066981218064,0.007200000000000001,0.011333578428722322,-0.01529999999999999,0.020407106605298056,0.01142565300996375,0.024646513123301902,-0.004499999999999999,0.016665833312498962,0.014799999999999999,0.01271121552016171,0.0044,0.006721235005562594,-0.000664731709759217,0.03211473649148591,-0.020999999999999998,0.0059160797830996046,0.00039999999999997817,0.0004183300132670315,-0.011500000000000033,0.02190604939280471,-0.014000000000000012,0.01340242515368019,0.07076938152313232,0.02388926594763937,9.999999999999523e-05,0.021984085152673513,0.0032370394743057194,0.019875123526308658,-0.004199999999999998,0.00865014450746344,0.009000000000000001,0.007524958471646212,-0.01529999999999999,0.020407106605298056,-0.004100000000000004,0.015685981002156048,-0.0035000000000000005,0.019509613015126662,-0.06914133056998253,0.023694055411712
200,5,0.9925,0.002622022120425397,0.04218701182398945,0.010227386943680349,1.8103847719728947,0.25309490878945534,0.9925,0.002622022120425397,-1.7693665027618408,0.24642920447584057,0.5281,0.03801545738249115,0.37090000000000006,0.05678622192046235,0.32249999999999995,0.06681597862787014,0.033100000000000004,0.0190538709977789,0.0775,0.038803994639727495,0.1187,0.049056854770765726,0.21399999999999997,0.07102728349021946,0.020599999999999997,0.016786899654194637,0.059699999999999996,0.03913853599714737,0.10049999999999999,0.04073235814435496,0.1859,0.042390152158254875,0.0115,0.009585144756340407,0.0376,0.019372661149155528,0.0746,0.031891221362625795,0.1583,0.028351807702508145,0.6195,0.04609365466091833,0.23626560390217763,0.09397563957393024,0.5054000000000001,0.06285737824631249,0.23273166748200413,0.04124261607348913,0.449,0.06836025892285663,0.24679625265273647,0.04934917251164776,0.5281,0.03801545738249115,0.37090000000000006,0.05678622192046235,0.32249999999999995,0.06681597862787014,0.9925,0.002622022120425397,0.04218701182398945,0.010227386943680349,1.8103847719728947,0.25309490878945534,0.9925,0.002622022120425397,-1.7693665027618408,0.24642920447584057,0.5298999999999999,0.035706091917206514,0.3733,0.049431265409657484,0.3243,0.06546239378452334,0.031,0.015219231255224423,0.0741,0.040158124956227725,0.1163,0.05121840489511559,0.20869999999999997,0.06911638734771951,0.023,0.016867127793433,0.056400000000000006,0.03097862166075179,0.0998,0.03631390918091854,0.18919999999999998,0.04381866040855197,0.0134,0.012048858867129286,0.0399,0.020665188119153428,0.08170000000000001,0.035555590277760826,0.1639,0.03360877861511781,0.6159000000000001,0.04423149330511009,0.22571116673921837,0.0871461876080002,0.5091,0.05129010625841987,0.23283396827400082,0.040469871232932206,0.4561,0.05153445449405669,0.2545681088011329,0.03251448834660392,0.5298999999999999,0.035706091917206514,0.3733,0.049431265409657484,0.3243,0.06546239378452334,-0.0035999999999999587,0.012744606702444745,0.0,0.0,0.0,0.0,0.005599999999999989,0.007789415895944954,0.0018000000000000017,0.018376615575235854,0.002399999999999991,0.009857738077267012,0.0024000000000000007,0.0016733200530681513,-0.0021000000000000003,0.006168468205316454,0.0071,0.004722287581247036,-0.0032999999999999982,0.009128252844876722,0.0018000000000000017,0.012911235417263536,0.007771856148396356,0.017302191131202054,0.003300000000000003,0.01400267831523669,0.0023,0.005057173123396113,0.0019000000000000002,0.00292403830344269,-0.010554437162959267,0.008638565224717558,0.002399999999999991,0.009857738077267012,0.0,0.0,0.0018000000000000017,0.018376615575235854,0.0036999999999999924,0.01563889382277403,0.0,0.0,-0.0034000000000000002,0.007805446816166261,0.00010230079199673448,0.014693938775132205,-0.005299999999999999,0.010164890555239638,-0.0006999999999999992,0.014024977718342374,0.0018000000000000017,0.012911235417263536,0.0071000000000000065,0.02271948502937511,-0.0023999999999999994,0.006702611431375087,0.0,0.0
